Index,Height(Inches),Weight(Pounds)
1,65.78331,112.9925
2,71.51521,136.4873
3,69.39874,153.0269
4,68.27967,142.3354
5,67.78781,144.2971
6,68.27967,123.3024
7,69.80204,141.4947
8,70.01472,136.4623
9,67.90265,112.3723
10,66.78236,120.6672
11,66.48769,127.4516
12,67.62333,114.143
13,68.30248,125.6107
14,67.11656,122.4618
15,68.27967,116.0866
16,71.23033,139.9975
17,66.461,129.5023
18,68.27967,142.9733
19,71.23033,137.9025
20,67.13118,124.0449
